{
  "Ingredientes": [
    {
      "nombre": "Aceitunas",
      "tipo": "Encurtidos"
    },
    {
      "nombre": "Aguacate",
      "tipo": "Fruta"
    },
    {
      "nombre": "Ajo",
      "tipo": "Verdura"
    },
    {
      "nombre": "Alcachofa",
      "tipo": "Verdura"
    },
    {
      "nombre": "Anacardos",
      "tipo": "Frutos secos",
      "alergeno": "Frutos secos"
    },
    {
      "nombre": "AOVE",
      "tipo": "Aceites y grasas"
    },
    {
      "nombre": "Apio",
      "tipo": "Verdura"
    },
    {
      "nombre": "Azúcar",
      "tipo": "Azúcares y edulcorantes"
    },
    {
      "nombre": "Bacalao",
      "tipo": "Pescados",
      "alergeno": "Pescado"
    },
    {
      "nombre": "Bacalao ahumado",
      "tipo": "Pescados",
      "alergeno": "Pescado"
    },
    {
      "nombre": "Bacon",
      "tipo": "Carne"
    },
    {
      "nombre": "Berberechos",
      "tipo": "Moluscos",
      "alergeno": "Moluscos"
    },
    {
      "nombre": "Brocoli",
      "tipo": "Verdura"
    },
    {
      "nombre": "Burrata",
      "tipo": "Lácteos",
      "alergeno": "Lácteos"
    },
    {
      "nombre": "Calabacín",
      "tipo": "Verdura"
    },
    {
      "nombre": "Calabaza",
      "tipo": "Fruta"
    },
    {
      "nombre": "Calamares",
      "tipo": "Moluscos",
      "alergeno": "Moluscos"
    },
    {
      "nombre": "Caldo de pollo",
      "tipo": "Caldos y bases"
    },
    {
      "nombre": "Caldo de verduras",
      "tipo": "Caldos y bases"
    },
    {
      "nombre": "Canónigos",
      "tipo": "Verdura"
    },
    {
      "nombre": "Cabeza de lomo de cerdo",
      "tipo": "Carne"
    },
    {
      "nombre": "Carne picada de cerdo",
      "tipo": "Carne"
    },
    {
      "nombre": "Carne picada de ternera",
      "tipo": "Carne"
    },
    {
      "nombre": "Carrillera de cerdo",
      "tipo": "Carne"
    },
    {
      "nombre": "Cebolla",
      "tipo": "Verdura"
    },
    {
      "nombre": "Cebollino",
      "tipo": "Verdura"
    },
    {
      "nombre": "Champiñones",
      "tipo": "Setas"
    },
    {
      "nombre": "Clavo",
      "tipo": "Especias y hierbas"
    },
    {
      "nombre": "Coliflor",
      "tipo": "Verdura"
    },
    {
      "nombre": "Comino",
      "tipo": "Especias y hierbas"
    },
    {
      "nombre": "Contramuslos de pollo",
      "tipo": "Carne"
    },
    {
      "nombre": "Coñac",
      "tipo": "Bebidas alcohólicas"
    },
    {
      "nombre": "Costilla salada",
      "tipo": "Carne"
    },
    {
      "nombre": "Cúrcuma",
      "tipo": "Especias y hierbas"
    },
    {
      "nombre": "Fideos",
      "tipo": "Cereales",
      "alergeno": "Gluten"
    },
    {
      "nombre": "Fumet de marisco",
      "tipo": "Caldos y bases",
      "alergeno": "Marisco"
    },
    {
      "nombre": "Gambas",
      "tipo": "Marisco",
      "alergeno": "Marisco"
    },
    {
      "nombre": "Garbanzos",
      "tipo": "Legumbre"
    },
    {
      "nombre": "Harina",
      "tipo": "Cereales",
      "alergeno": "Gluten"
    },
    {
      "nombre": "Hueso blanco",
      "tipo": "Carne"
    },
    {
      "nombre": "Huevo",
      "tipo": "Huevo",
      "alergeno": "Huevo"
    },
    {
      "nombre": "Jamón serrano",
      "tipo": "Carne",
      "alergeno": "Carne roja"
    },
    {
      "nombre": "Jarrete de ternera",
      "tipo": "Carne"
    },
    {
      "nombre": "Atún en conserva",
      "tipo": "Pescados",
      "alergeno": "Pescado"
    },
    {
      "nombre": "Laurel",
      "tipo": "Especias y hierbas"
    },
    {
      "nombre": "Leche de coco",
      "tipo": "Condimentos y salsas"
    },
    {
      "nombre": "Leche evaporada",
      "tipo": "Lácteos",
      "alergeno": "Lácteos"
    },
    {
      "nombre": "Lima",
      "tipo": "Fruta"
    },
    {
      "nombre": "Limón",
      "tipo": "Fruta"
    },
    {
      "nombre": "Lubina",
      "tipo": "Pescados",
      "alergeno": "Pescado"
    },
    {
      "nombre": "Maíz dulce",
      "tipo": "Verdura"
    },
    {
      "nombre": "Mantequilla",
      "tipo": "Lácteos",
      "alergeno": "Lácteos"
    },
    {
      "nombre": "Mayonesa",
      "tipo": "Condimentos y salsas",
      "alergeno": "Huevo"
    },
    {
      "nombre": "Mostaza",
      "tipo": "Condimentos y salsas"
    },
    {
      "nombre": "Muslos de pollo",
      "tipo": "Carne"
    },
    {
      "nombre": "Nabo",
      "tipo": "Verdura"
    },
    {
      "nombre": "Naranja",
      "tipo": "Fruta"
    },
    {
      "nombre": "Nata",
      "tipo": "Lácteos",
      "alergeno": "Lácteos"
    },
    {
      "nombre": "Nuez moscada",
      "tipo": "Especias y hierbas"
    },
    {
      "nombre": "Orégano",
      "tipo": "Especias y hierbas"
    },
    {
      "nombre": "Pan",
      "tipo": "Cereales",
      "alergeno": "Gluten"
    },
    {
      "nombre": "Pan rallado",
      "tipo": "Cereales",
      "alergeno": "Gluten"
    },
    {
      "nombre": "Pasta",
      "tipo": "Cereales",
      "alergeno": "Gluten"
    },
    {
      "nombre": "Patata",
      "tipo": "Verdura"
    },
    {
      "nombre": "Pepino",
      "tipo": "Verdura"
    },
    {
      "nombre": "Perejil",
      "tipo": "Especias y hierbas"
    },
    {
      "nombre": "Pimentón dulce",
      "tipo": "Especias y hierbas"
    },
    {
      "nombre": "Pimienta",
      "tipo": "Especias y hierbas"
    },
    {
      "nombre": "Pimiento amarillo",
      "tipo": "Verdura"
    },
    {
      "nombre": "Pimiento rojo",
      "tipo": "Verdura"
    },
    {
      "nombre": "Pimiento verde",
      "tipo": "Verdura"
    },
    {
      "nombre": "Puerro",
      "tipo": "Verdura"
    },
    {
      "nombre": "Mozzarella",
      "tipo": "Lácteos",
      "alergeno": "Lácteos"
    },
    {
      "nombre": "Queso azul",
      "tipo": "Lácteos",
      "alergeno": "Lácteos"
    },
    {
      "nombre": "Parmesano",
      "tipo": "Lácteos",
      "alergeno": "Lácteos"
    },
    {
      "nombre": "Sal",
      "tipo": "Condimentos y salsas"
    },
    {
      "nombre": "Salmón",
      "tipo": "Pescados",
      "alergeno": "Pescado"
    },
    {
      "nombre": "Salsa de soja",
      "tipo": "Condimentos y salsas",
      "alergeno": "Soja"
    },
    {
      "nombre": "Secreto ibérico",
      "tipo": "Carne"
    },
    {
      "nombre": "Sésamo",
      "tipo": "Especias y hierbas",
      "alergeno": "Sésamo"
    },
    {
      "nombre": "Setas shii-take",
      "tipo": "Setas"
    },
    {
      "nombre": "Solomillo de cerdo",
      "tipo": "Carne"
    },
    {
      "nombre": "Sriracha",
      "tipo": "Condimentos y salsas"
    },
    {
      "nombre": "Tahini",
      "tipo": "Condimentos y salsas",
      "alergeno": "Sésamo"
    },
    {
      "nombre": "Tocino entreverado",
      "tipo": "Carne"
    },
    {
      "nombre": "Tocino fresco",
      "tipo": "Carne"
    },
    {
      "nombre": "Tomate",
      "tipo": "Fruta"
    },
    {
      "nombre": "Tomate frito",
      "tipo": "Condimentos y salsas"
    },
    {
      "nombre": "Tomate triturado",
      "tipo": "Fruta"
    },
    {
      "nombre": "Vinagre",
      "tipo": "Condimentos y salsas"
    },
    {
      "nombre": "Vino blanco",
      "tipo": "Bebidas alcohólicas",
      "alergeno": "Sulfitos"
    },
    {
      "nombre": "Vino para cocinar",
      "tipo": "Bebidas alcohólicas",
      "alergeno": "Sulfitos"
    },
    {
      "nombre": "Vino tinto",
      "tipo": "Bebidas alcohólicas",
      "alergeno": "Sulfitos"
    },
    {
      "nombre": "Zanahoria",
      "tipo": "Verdura"
    },
    {
      "nombre": "Eneldo",
      "tipo": "Especias y hierbas"
    },
    {
      "nombre": "Manzana",
      "tipo": "Fruta"
    },
    {
      "nombre": "Crema agria",
      "tipo": "Condimentos y salsas",
      "alergeno": "Lácteos"
    },
    {
      "nombre": "Judías blancas",
      "tipo": "Legumbre"
    },
    {
      "nombre": "Lacón",
      "tipo": "Carne"
    },
    {
      "nombre": "Espinacas",
      "tipo": "Verdura"
    },
    {
      "nombre": "Berenjena",
      "tipo": "Verdura"
    },
    {
      "nombre": "Agua",
      "tipo": "Caldos y bases"
    },
    {
      "nombre": "Curry",
      "tipo": "Especias y hierbas"
    },
    {
      "nombre": "Tomillo",
      "tipo": "Especias y hierbas"
    }
  ]
}
