{
  "Recetas": [
    {
      "nombre": "Puchero",
      "dificultad": "fácil",
      "tiempoPreparacion": 60,
      "imagen": "",
      "ingredientes": [
        {
          "nombre": "Garbanzos",
          "tipo": "Legumbre"
        },
        {
          "nombre": "Jarrete de ternera",
          "tipo": "Carne"
        },
        {
          "nombre": "Muslos de pollo",
          "tipo": "Carne"
        },
        {
          "nombre": "Costilla salada",
          "tipo": "Carne"
        },
        {
          "nombre": "Tocino fresco",
          "tipo": "Carne"
        },
        {
          "nombre": "Tocino entreverado",
          "tipo": "Carne"
        },
        {
          "nombre": "Zanahoria",
          "tipo": "Verdura"
        },
        {
          "nombre": "Nabo",
          "tipo": "Verdura"
        },
        {
          "nombre": "Puerro",
          "tipo": "Verdura"
        },
        {
          "nombre": "Hueso blanco",
          "tipo": "Carne"
        },
        {
          "nombre": "Apio",
          "tipo": "Verdura"
        }
      ]
    },
    {
      "nombre": "Hummus",
      "dificultad": "fácil",
      "tiempoPreparacion": 15,
      "imagen": "",
      "ingredientes": [
        {
          "nombre": "Garbanzos",
          "tipo": "Legumbre"
        },
        {
          "nombre": "Tahini",
          "tipo": "Especias y hierbas",
          "alergeno": "Sésamo"
        },
        {
          "nombre": "Limón",
          "tipo": "Fruta"
        },
        {
          "nombre": "Ajo",
          "tipo": "Verdura"
        },
        {
          "nombre": "Sal",
          "tipo": "Condimentos y salsas"
        },
        {
          "nombre": "AOVE",
          "tipo": "Aceites y grasas"
        }
      ]
    },
    {
      "nombre": "Fideuá",
      "dificultad": "media",
      "tiempoPreparacion": 60,
      "imagen": "",
      "ingredientes": [
        {
          "nombre": "Ajo",
          "tipo": "Verdura"
        },
        {
          "nombre": "Cebolla",
          "tipo": "Verdura"
        },
        {
          "nombre": "Puerro",
          "tipo": "Verdura"
        },
        {
          "nombre": "Calamares",
          "tipo": "Moluscos",
          "alergeno": "Moluscos"
        },
        {
          "nombre": "Tomate triturado",
          "tipo": "Fruta"
        },
        {
          "nombre": "Vino blanco",
          "tipo": "Bebidas alcohólicas",
          "alergeno": "Sulfitos"
        },
        {
          "nombre": "Fideos",
          "tipo": "Cereales",
          "alergeno": "Gluten"
        },
        {
          "nombre": "Fumet de marisco",
          "tipo": "Caldos y bases",
          "alergeno": "Marisco"
        },
        {
          "nombre": "Pimienta",
          "tipo": "Especias y hierbas"
        },
        {
          "nombre": "Sal",
          "tipo": "Condimentos y salsas"
        },
        {
          "nombre": "AOVE",
          "tipo": "Aceites y grasas"
        }
      ]
    },
    {
      "nombre": "Lubina al horno",
      "dificultad": "fácil",
      "tiempoPreparacion": 50,
      "imagen": "",
      "ingredientes": [
        {
          "nombre": "AOVE",
          "tipo": "Aceites y grasas"
        },
        {
          "nombre": "Lubina",
          "tipo": "Pescados",
          "alergeno": "Pescado"
        },
        {
          "nombre": "Patata",
          "tipo": "Verdura"
        },
        {
          "nombre": "Cebolla",
          "tipo": "Verdura"
        },
        {
          "nombre": "Sal",
          "tipo": "Condimentos y salsas"
        }
      ]
    },
    {
      "nombre": "Gazpacho",
      "dificultad": "fácil",
      "tiempoPreparacion": 15,
      "imagen": "",
      "ingredientes": [
        {
          "nombre": "Tomate",
          "tipo": "Fruta"
        },
        {
          "nombre": "Ajo",
          "tipo": "Verdura"
        },
        {
          "nombre": "AOVE",
          "tipo": "Aceites y grasas"
        },
        {
          "nombre": "Pan",
          "tipo": "Cereales",
          "alergeno": "Gluten"
        },
        {
          "nombre": "Pimiento verde",
          "tipo": "Verdura"
        },
        {
          "nombre": "Sal",
          "tipo": "Condimentos y salsas"
        },
        {
          "nombre": "Vinagre",
          "tipo": "Condimentos y salsas"
        }
      ]
    },
    {
      "nombre": "Tartar de salmón",
      "dificultad": "fácil",
      "tiempoPreparacion": 20,
      "imagen": "",
      "ingredientes": [
        {
          "nombre": "Salmón",
          "tipo": "Pescados",
          "alergeno": "Pescado"
        },
        {
          "nombre": "Mayonesa",
          "tipo": "Condimentos y salsas",
          "alergeno": "Huevo"
        },
        {
          "nombre": "Sriracha",
          "tipo": "Condimentos y salsas"
        },
        {
          "nombre": "Lima",
          "tipo": "Fruta"
        },
        {
          "nombre": "Salsa de soja",
          "tipo": "Condimentos y salsas",
          "alergeno": "Soja"
        },
        {
          "nombre": "Sal",
          "tipo": "Condimentos y salsas"
        },
        {
          "nombre": "Pimienta",
          "tipo": "Especias y hierbas"
        }
      ]
    },
    {
      "nombre": "Pasta con salsa de calabaza y crujiente de jamón",
      "dificultad": "media",
      "tiempoPreparacion": 45,
      "imagen": "",
      "ingredientes": [
        {
          "nombre": "Pasta",
          "tipo": "Cereales",
          "alergeno": "Gluten"
        },
        {
          "nombre": "Calabaza",
          "tipo": "Fruta"
        },
        {
          "nombre": "Cebolla",
          "tipo": "Verdura"
        },
        {
          "nombre": "Ajo",
          "tipo": "Verdura"
        },
        {
          "nombre": "Jamón serrano",
          "tipo": "Carne"
        },
        {
          "nombre": "Leche evaporada",
          "tipo": "Lácteos",
          "alergeno": "Lácteos"
        },
        {
          "nombre": "Parmesano",
          "tipo": "Lácteos",
          "alergeno": "Lácteos"
        },
        {
          "nombre": "Nuez moscada",
          "tipo": "Condimentos y salsas"
        },
        {
          "nombre": "AOVE",
          "tipo": "Aceites y grasas"
        }
      ]
    },
    {
      "nombre": "Ensalada de coliflor",
      "dificultad": "fácil",
      "tiempoPreparacion": 20,
      "imagen": "",
      "ingredientes": [
        {
          "nombre": "Coliflor",
          "tipo": "Verdura"
        },
        {
          "nombre": "AOVE",
          "tipo": "Aceites y grasas"
        },
        {
          "nombre": "Huevo",
          "tipo": "Huevo",
          "alergeno": "Huevo"
        },
        {
          "nombre": "Vinagre",
          "tipo": "Condimentos y salsas"
        },
        {
          "nombre": "Mostaza",
          "tipo": "Condimentos y salsas",
          "alergeno": "Mostaza"
        },
        {
          "nombre": "Sal",
          "tipo": "Condimentos y salsas"
        },
        {
          "nombre": "Pimienta",
          "tipo": "Especias y hierbas"
        }
      ]
    },
    {
      "nombre": "Ceviche de berberechos",
      "dificultad": "fácil",
      "tiempoPreparacion": 15,
      "imagen": "",
      "ingredientes": [
        {
          "nombre": "Berberechos",
          "tipo": "Moluscos",
          "alergeno": "Moluscos"
        },
        {
          "nombre": "Lima",
          "tipo": "Fruta"
        },
        {
          "nombre": "Cebolla",
          "tipo": "Verdura"
        },
        {
          "nombre": "Aguacate",
          "tipo": "Fruta"
        },
        {
          "nombre": "Sal",
          "tipo": "Condimentos y salsas"
        },
        {
          "nombre": "Pimienta",
          "tipo": "Especias y hierbas"
        }
      ]
    },
    {
      "nombre": "Alcachofa con burrata",
      "dificultad": "fácil",
      "tiempoPreparacion": 15,
      "imagen": "",
      "ingredientes": [
        {
          "nombre": "Alcachofa",
          "tipo": "Verdura"
        },
        {
          "nombre": "Burrata",
          "tipo": "Lácteos",
          "alergeno": "Lácteos"
        },
        {
          "nombre": "Pimienta",
          "tipo": "Especias y hierbas"
        },
        {
          "nombre": "Cebolla",
          "tipo": "Verdura"
        },
        {
          "nombre": "AOVE",
          "tipo": "Aceites y grasas"
        }
      ]
    },
    {
      "nombre": "Bacalao dorado",
      "dificultad": "fácil",
      "tiempoPreparacion": 30,
      "imagen": "",
      "ingredientes": [
        {
          "nombre": "Bacalao",
          "tipo": "Pescados",
          "alergeno": "Pescado"
        },
        {
          "nombre": "Huevo",
          "tipo": "Condimentos y salsas",
          "alergeno": "Huevo"
        },
        {
          "nombre": "Cebolla",
          "tipo": "Verdura"
        },
        {
          "nombre": "AOVE",
          "tipo": "Aceites y grasas"
        },
        {
          "nombre": "Patata",
          "tipo": "Verdura"
        },
        {
          "nombre": "Ajo",
          "tipo": "Verdura"
        },
        {
          "nombre": "Perejil",
          "tipo": "Especias y hierbas"
        },
        {
          "nombre": "Sal",
          "tipo": "Condimentos y salsas"
        }
      ]
    },
    {
      "nombre": "Tortilla de calabacín y zanahoria",
      "dificultad": "fácil",
      "tiempoPreparacion": 20,
      "imagen": "",
      "ingredientes": [
        {
          "nombre": "Huevo",
          "tipo": "Condimentos y salsas",
          "alergeno": "Huevo"
        },
        {
          "nombre": "Calabacín",
          "tipo": "Verdura"
        },
        {
          "nombre": "AOVE",
          "tipo": "Aceites y grasas"
        },
        {
          "nombre": "Puerro",
          "tipo": "Verdura"
        },
        {
          "nombre": "Zanahoria",
          "tipo": "Verdura"
        },
        {
          "nombre": "Sal",
          "tipo": "Condimentos y salsas"
        }
      ]
    },
    {
      "nombre": "Berenjenas rellenas de carne",
      "dificultad": "fácil",
      "tiempoPreparacion": 90,
      "imagen": "",
      "ingredientes": [
        {
          "nombre": "Berenjena",
          "tipo": "Verdura"
        },
        {
          "nombre": "Carne picada de cerdo",
          "tipo": "Carne"
        },
        {
          "nombre": "Carne picada de ternera",
          "tipo": "Carne"
        },
        {
          "nombre": "AOVE",
          "tipo": "Aceites y grasas"
        },
        {
          "nombre": "Tomate frito",
          "tipo": "Condimentos y salsas"
        },
        {
          "nombre": "Mozzarella",
          "tipo": "Lácteos",
          "alergeno": "Lácteos"
        },
        {
          "nombre": "Cebolla",
          "tipo": "Verdura"
        },
        {
          "nombre": "Pimiento verde",
          "tipo": "Verdura"
        },
        {
          "nombre": "Sal",
          "tipo": "Condimentos y salsas"
        }
      ]
    },
    {
      "nombre": "Carrillada de Cerdo",
      "dificultad": "media",
      "tiempoPreparacion": 90,
      "imagen": "",
      "ingredientes": [
        {
          "nombre": "Carrillera de cerdo",
          "tipo": "Carne"
        },
        {
          "nombre": "Ajo",
          "tipo": "Verdura"
        },
        {
          "nombre": "Cebolla",
          "tipo": "Verdura"
        },
        {
          "nombre": "AOVE",
          "tipo": "Aceites y grasas"
        },
        {
          "nombre": "Puerro",
          "tipo": "Verdura"
        },
        {
          "nombre": "Zanahoria",
          "tipo": "Verdura"
        },
        {
          "nombre": "Pimiento verde",
          "tipo": "Verdura"
        },
        {
          "nombre": "Pimiento rojo",
          "tipo": "Verdura"
        },
        {
          "nombre": "Agua",
          "tipo": "Caldos y bases"
        },
        {
          "nombre": "Vino tinto",
          "tipo": "Bebidas alcohólicas",
          "alergeno": "Sulfitos"
        },
        {
          "nombre": "Laurel",
          "tipo": "Condimentos y salsas"
        },
        {
          "nombre": "Pimienta",
          "tipo": "Especias y hierbas"
        },
        {
          "nombre": "Clavo",
          "tipo": "Especias y hierbas"
        },
        {
          "nombre": "Sal",
          "tipo": "Condimentos y salsas"
        }
      ]
    },
    {
      "nombre": "Pollo al curry",
      "dificultad": "fácil",
      "tiempoPreparacion": 40,
      "imagen": "",
      "ingredientes": [
        {
          "nombre": "Contramuslos de pollo",
          "tipo": "Carne"
        },
        {
          "nombre": "Berenjena",
          "tipo": "Verdura"
        },
        {
          "nombre": "Cebolla",
          "tipo": "Verdura"
        },
        {
          "nombre": "AOVE",
          "tipo": "Aceites y grasas"
        },
        {
          "nombre": "Zanahoria",
          "tipo": "Verdura"
        },
        {
          "nombre": "Puerro",
          "tipo": "Verdura"
        },
        {
          "nombre": "Cúrcuma",
          "tipo": "Especias y hierbas"
        },
        {
          "nombre": "Sal",
          "tipo": "Condimentos y salsas"
        },
        {
          "nombre": "Curry",
          "tipo": "Especias y hierbas"
        },
        {
          "nombre": "Pimienta",
          "tipo": "Especias y hierbas"
        },
        {
          "nombre": "Leche de coco",
          "tipo": "Condimentos y salsas"
        }
      ]
    },
    {
      "nombre": "Cerdo oriental",
      "dificultad": "fácil",
      "tiempoPreparacion": 30,
      "imagen": "",
      "ingredientes": [
        {
          "nombre": "Solomillo de cerdo",
          "tipo": "Carne"
        },
        {
          "nombre": "Anacardos",
          "tipo": "Frutos secos",
          "alergeno": "Frutos secos"
        },
        {
          "nombre": "Pimiento rojo",
          "tipo": "Verdura"
        },
        {
          "nombre": "Zanahoria",
          "tipo": "Verdura"
        },
        {
          "nombre": "Puerro",
          "tipo": "Verdura"
        },
        {
          "nombre": "Pimiento amarillo",
          "tipo": "Verdura"
        },
        {
          "nombre": "Champiñones",
          "tipo": "Setas"
        },
        {
          "nombre": "Brocoli",
          "tipo": "Verdura"
        },
        {
          "nombre": "Harina",
          "tipo": "Cereales",
          "alergeno": "Gluten"
        },
        {
          "nombre": "Agua",
          "tipo": "Caldos y bases"
        },
        {
          "nombre": "Salsa de soja",
          "tipo": "Condimentos y salsas",
          "alergeno": "Soja"
        },
        {
          "nombre": "AOVE",
          "tipo": "Aceites y grasas"
        }
      ]
    },
    {
      "nombre": "Muslos de pollo al horno",
      "dificultad": "fácil",
      "tiempoPreparacion": 90,
      "imagen": "",
      "ingredientes": [
        {
          "nombre": "Muslos de pollo",
          "tipo": "Carne"
        },
        {
          "nombre": "Vino blanco",
          "tipo": "Bebidas alcohólicas",
          "alergeno": "Sulfitos"
        },
        {
          "nombre": "Caldo de verduras",
          "tipo": "Caldos y bases"
        },
        {
          "nombre": "Ajo",
          "tipo": "Verdura"
        },
        {
          "nombre": "Orégano",
          "tipo": "Especias y hierbas"
        },
        {
          "nombre": "Limón",
          "tipo": "Fruta"
        },
        {
          "nombre": "Tomillo",
          "tipo": "Especias y hierbas"
        },
        {
          "nombre": "Pimienta",
          "tipo": "Especias y hierbas"
        },
        {
          "nombre": "Sal",
          "tipo": "Condimentos y salsas"
        },
        {
          "nombre": "AOVE",
          "tipo": "Aceites y grasas"
        }
      ]
    }
  ]
}
